Workbook

Sheet Mode d'emploi
B2: BUDGET NAISSANCE
B4: Budget arrivée de bébé
B5: Tous les achats pour bébé, ce qu'ils coûtent et ce qu'il reste à acheter, plus le budget mensuel après la naissance.
B7: Comment ça marche
B8: 1 | C8: Onglet « Achats » : la liste est déjà remplie (33 articles). Adaptez les prix prévus, supprimez ou ajoutez des lignes.
B9: 2 | C9: Quand vous achetez : notez le prix payé et choisissez « Neuf », « Occasion » ou « Offert ».
B10: 3 | C10: Onglet « Synthèse » : budget prévu, dépensé, économies et articles restants, par catégorie, tout seul.
B11: 4 | C11: Onglet « Budget mensuel » : estimez les dépenses de chaque mois après la naissance.
B13: Les prix indiqués sont des exemples indicatifs : remplacez-les par les vôtres. Cases jaunes = à remplir.

Sheet Achats
B2: Liste des achats pour bébé
B3: Prix prévu, prix payé, et d'où vient l'article.
B5: Article | C5: Catégorie | D5: Priorité | E5: Prix prévu | F5: Prix payé | G5: Provenance
B6: Lit bébé + matelas | C6: Chambre | D6: Indispensable | E6: 180
B7: Gigoteuses (x2) | C7: Chambre | D7: Indispensable | E7: 50
B8: Commode / table à langer | C8: Chambre | D8: Utile | E8: 150
B9: Babyphone | C9: Chambre | D9: Utile | E9: 60
B10: Veilleuse | C10: Chambre | D10: Optionnel | E10: 20
B11: Draps housse (x3) | C11: Chambre | D11: Indispensable | E11: 30
B12: Poussette | C12: Promenade et voiture | D12: Indispensable | E12: 350
B13: Siège auto (cosy) | C13: Promenade et voiture | D13: Indispensable | E13: 150
B14: Porte-bébé / écharpe | C14: Promenade et voiture | D14: Utile | E14: 60
B15: Sac à langer | C15: Promenade et voiture | D15: Utile | E15: 40
B16: Biberons (x4) | C16: Repas | D16: Indispensable | E16: 40
B17: Chauffe-biberon | C17: Repas | D17: Optionnel | E17: 35
... B38: Transat | C38: Éveil et jouets | D38: Optionnel | E38: 60

Sheet Synthèse
B2: Synthèse du budget naissance
B4: Budget prévu | C4: Déjà dépensé | E4: Articles restant à acheter
B5: =SUM(Achats!$E$6:$E$85) -> 1918 | C5: =SUM(Achats!$F$6:$F$85) -> 0 | E5: =COUNTA(Achats!$B$6:$B$85)-COUNTIF(Achats!$G$6:$G$85,"Neuf")-COUNTIF(Achats!$G$6:$G$85,"Occasion")-COUNTIF(Achats!$G$6:$G$85,"Offert") -> 33
B7: Économisé (occasion / offert) | C7: Reste à prévoir (articles non achetés)
B8: =SUMIFS(Achats!$E$6:$E$85,Achats!$G$6:$G$85,"Occasion")-SUMIFS(Achats!$F$6:$F$85,Achats!$G$6:$G$85,"Occasion")+SUMIFS(Achats!$E$6:$E$85,Achats!$G$6:$G$85,"Offert") -> 0 | C8: =SUM(Achats!$E$6:$E$85)-SUMIFS(Achats!$E$6:$E$85,Achats!$G$6:$G$85,"<>") -> 1918
B10: Catégorie | C10: Prévu | D10: Dépensé | E10: Écart | F10: Restants
B11: Chambre | C11: =SUMIFS(Achats!$E$6:$E$85,Achats!$C$6:$C$85,B11) -> 490 | D11: =SUMIFS(Achats!$F$6:$F$85,Achats!$C$6:$C$85,B11) -> 0 | E11: =SUMIFS(Achats!$E$6:$E$85,Achats!$C$6:$C$85,B11,Achats!$G$6:$G$85,"<>")-D11 -> 0 | F11: =COUNTIFS(Achats!$C$6:$C$85,B11,Achats!$B$6:$B$85,"<>")-COUNTIFS(Achats!$C$6:$C$85,B11,Achats!$G$6:$G$85,"<>") -> 6
B12: Promenade et voiture | C12: =SUMIFS(Achats!$E$6:$E$85,Achats!$C$6:$C$85,B12) -> 600 | D12: =SUMIFS(Achats!$F$6:$F$85,Achats!$C$6:$C$85,B12) -> 0 | E12: =SUMIFS(Achats!$E$6:$E$85,Achats!$C$6:$C$85,B12,Achats!$G$6:$G$85,"<>")-D12 -> 0 | F12: =COUNTIFS(Achats!$C$6:$C$85,B12,Achats!$B$6:$B$85,"<>")-COUNTIFS(Achats!$C$6:$C$85,B12,Achats!$G$6:$G$85,"<>") -> 4
B13: Repas | C13: =SUMIFS(Achats!$E$6:$E$85,Achats!$C$6:$C$85,B13) -> 260 | D13: =SUMIFS(Achats!$F$6:$F$85,Achats!$C$6:$C$85,B13) -> 0 | E13: =SUMIFS(Achats!$E$6:$E$85,Achats!$C$6:$C$85,B13,Achats!$G$6:$G$85,"<>")-D13 -> 0 | F13: =COUNTIFS(Achats!$C$6:$C$85,B13,Achats!$B$6:$B$85,"<>")-COUNTIFS(Achats!$C$6:$C$85,B13,Achats!$G$6:$G$85,"<>") -> 6
B14: Toilette et soin | C14: =SUMIFS(Achats!$E$6:$E$85,Achats!$C$6:$C$85,B14) -> 148 | D14: =SUMIFS(Achats!$F$6:$F$85,Achats!$C$6:$C$85,B14) -> 0 | E14: =SUMIFS(Achats!$E$6:$E$85,Achats!$C$6:$C$85,B14,Achats!$G$6:$G$85,"<>")-D14 -> 0 | F14: =COUNTIFS(Achats!$C$6:$C$85,B14,Achats!$B$6:$B$85,"<>")-COUNTIFS(Achats!$C$6:$C$85,B14,Achats!$G$6:$G$85,"<>") -> 5
B15: Vêtements | C15: =SUMIFS(Achats!$E$6:$E$85,Achats!$C$6:$C$85,B15) -> 140 | D15: =SUMIFS(Achats!$F$6:$F$85,Achats!$C$6:$C$85,B15) -> 0 | E15: =SUMIFS(Achats!$E$6:$E$85,Achats!$C$6:$C$85,B15,Achats!$G$6:$G$85,"<>")-D15 -> 0 | F15: =COUNTIFS(Achats!$C$6:$C$85,B15,Achats!$B$6:$B$85,"<>")-COUNTIFS(Achats!$C$6:$C$85,B15,Achats!$G$6:$G$85,"<>") -> 4
B16: Santé | C16: =SUMIFS(Achats!$E$6:$E$85,Achats!$C$6:$C$85,B16) -> 55 | D16: =SUMIFS(Achats!$F$6:$F$85,Achats!$C$6:$C$85,B16) -> 0 | E16: =SUMIFS(Achats!$E$6:$E$85,Achats!$C$6:$C$85,B16,Achats!$G$6:$G$85,"<>")-D16 -> 0 | F16: =COUNTIFS(Achats!$C$6:$C$85,B16,Achats!$B$6:$B$85,"<>")-COUNTIFS(Achats!$C$6:$C$85,B16,Achats!$G$6:$G$85,"<>") -> 3
B17: Valise maternité | C17: =SUMIFS(Achats!$E$6:$E$85,Achats!$C$6:$C$85,B17) -> 100 | D17: =SUMIFS(Achats!$F$6:$F$85,Achats!$C$6:$C$85,B17) -> 0 | E17: =SUMIFS(Achats!$E$6:$E$85,Achats!$C$6:$C$85,B17,Achats!$G$6:$G$85,"<>")-D17 -> 0 | F17: =COUNTIFS(Achats!$C$6:$C$85,B17,Achats!$B$6:$B$85,"<>")-COUNTIFS(Achats!$C$6:$C$85,B17,Achats!$G$6:$G$85,"<>") -> 2
B18: Éveil et jouets | C18: =SUMIFS(Achats!$E$6:$E$85,Achats!$C$6:$C$85,B18) -> 125 | D18: =SUMIFS(Achats!$F$6:$F$85,Achats!$C$6:$C$85,B18) -> 0 | E18: =SUMIFS(Achats!$E$6:$E$85,Achats!$C$6:$C$85,B18,Achats!$G$6:$G$85,"<>")-D18 -> 0 | F18: =COUNTIFS(Achats!$C$6:$C$85,B18,Achats!$B$6:$B$85,"<>")-COUNTIFS(Achats!$C$6:$C$85,B18,Achats!$G$6:$G$85,"<>") -> 3
B19: Total | C19: =SUM(C11:C18) -> 1918 | D19: =SUM(D11:D18) -> 0 | E19: =SUM(E11:E18) -> 0 | F19: =SUM(F11:F18) -> 33
B21: Écart = prévu − payé, sur les articles déjà achetés (positif = vous avez économisé).

Sheet Budget mensuel
B2: Budget mensuel après la naissance
B3: Estimez ce que bébé coûtera chaque mois.
B5: Dépense | C5: Par mois
B6: Couches et lingettes | C6: 50
B7: Lait infantile (si biberon) | C7: 60
B8: Mode de garde (reste à charge) | C8: 300
B9: Produits de soin | C9: 15
B10: Vêtements (renouvellement) | C10: 30
B11: Pharmacie | C11: 15
B12: Activités / éveil | C12: 10
B15: Total par mois | C15: =SUM(C6:C14) -> 480
B16: Soit sur un an | C16: =C15*12 -> 5760
B18: Pensez à vérifier vos droits (CAF : prime de naissance, PAJE, complément de mode de garde) sur caf.fr.
